IDfg,Season,Name,hand
18,2016,Neftali Feliz,R
225,2015,Mark Buehrle,L
375,2015,Bartolo Colon,R
375,2016,Bartolo Colon,R
375,2017,Bartolo Colon,R
375,2018,Bartolo Colon,R
404,2015,CC Sabathia,L
404,2016,CC Sabathia,L
404,2017,CC Sabathia,L
404,2018,CC Sabathia,L
404,2019,CC Sabathia,L
494,2015,Fernando Rodney,R
494,2016,Fernando Rodney,R
494,2017,Fernando Rodney,R
494,2018,Fernando Rodney,R
512,2015,A.J. Burnett,R
521,2016,Jason Grilli,R
739,2015,Kyle Lohse,R
921,2015,Tim Hudson,R
978,2017,Bronson Arroyo,R
1011,2015,Ryan Vogelsong,R
1011,2016,Ryan Vogelsong,R
1051,2015,Jake Peavy,R
1051,2016,Jake Peavy,R
1118,2015,Marco Estrada,R
1118,2016,Marco Estrada,R
1118,2017,Marco Estrada,R
1118,2018,Marco Estrada,R
1137,2015,Jerome Williams,R
1157,2015,Tommy Hunter,R
1157,2017,Tommy Hunter,R
1157,2018,Tommy Hunter,R
1245,2015,R.A. Dickey,R
1245,2016,R.A. Dickey,R
1245,2017,R.A. Dickey,R
1246,2016,Matt Bush,R
1246,2017,Matt Bush,R
1247,2017,Adam Ottavino,R
1247,2018,Adam Ottavino,R
1247,2019,Adam Ottavino,R
1259,2015,Colby Lewis,R
1259,2016,Colby Lewis,R
1345,2016,Blake Wood,R
1345,2017,Blake Wood,R
1437,2015,Joaquin Benoit,R
1437,2017,Joaquin Benoit,R
1451,2015,Aaron Harang,R
1478,2015,Felix Doubront,L
1507,2015,John Lackey,R
1507,2016,John Lackey,R
1507,2017,John Lackey,R
1581,2017,Sean Doolittle,L
1581,2019,Sean Doolittle,L
1642,2015,Francisco Rodriguez,R
1642,2016,Francisco Rodriguez,R
1757,2015,Dan Haren,R
1797,2015,Neal Cotts,L
1837,2017,Matt Belisle,R
1841,2015,Edwin Jackson,R
1841,2016,Edwin Jackson,R
1841,2017,Edwin Jackson,R
1841,2018,Edwin Jackson,R
1841,2019,Edwin Jackson,R
1852,2015,Ryan Madson,R
1852,2016,Ryan Madson,R
1852,2017,Ryan Madson,R
1852,2018,Ryan Madson,R
1890,2015,Matt Moore,L
1890,2016,Matt Moore,L
1890,2017,Matt Moore,L
1890,2018,Matt Moore,L
1943,2015,Zack Greinke,R
1943,2016,Zack Greinke,R
1943,2017,Zack Greinke,R
1943,2018,Zack Greinke,R
1943,2019,Zack Greinke,R
1943,2020,Zack Greinke,R
1994,2015,Ivan Nova,R
1994,2016,Ivan Nova,R
1994,2017,Ivan Nova,R
1994,2018,Ivan Nova,R
1994,2019,Ivan Nova,R
2036,2015,Clayton Kershaw,L
2036,2016,Clayton Kershaw,L
2036,2017,Clayton Kershaw,L
2036,2018,Clayton Kershaw,L
2036,2019,Clayton Kershaw,L
2036,2020,Clayton Kershaw,L
2038,2015,Justin Masterson,R
2047,2015,Jorge De La Rosa,L
2047,2016,Jorge De La Rosa,L
2047,2017,Jorge De La Rosa,L
2047,2018,Jorge De La Rosa,L
2072,2015,Jeremy Guthrie,R
2074,2016,Chien-Ming Wang,R
2155,2015,Alfredo Simon,R
2155,2016,Alfredo Simon,R
2233,2016,Adam Wainwright,R
2233,2017,Adam Wainwright,R
2233,2019,Adam Wainwright,R
2233,2020,Adam Wainwright,R
2237,2015,Blaine Boyer,R
2237,2016,Blaine Boyer,R
2267,2015,Brandon Gomes,R
2391,2015,Hector Rondon,R
2391,2016,Hector Rondon,R
2391,2017,Hector Rondon,R
2391,2018,Hector Rondon,R
2391,2019,Hector Rondon,R
2429,2015,Corey Kluber,R
2429,2016,Corey Kluber,R
2429,2017,Corey Kluber,R
2429,2018,Corey Kluber,R
2520,2015,Lance Lynn,R
2520,2017,Lance Lynn,R
2520,2018,Lance Lynn,R
2520,2019,Lance Lynn,R
2520,2020,Lance Lynn,R
2586,2015,Wandy Rodriguez,L
2608,2016,Jhoulys Chacin,R
2608,2017,Jhoulys Chacin,R
2608,2018,Jhoulys Chacin,R
2608,2019,Jhoulys Chacin,R
2660,2015,Brett Cecil,L
2660,2017,Brett Cecil,L
2717,2015,Rick Porcello,R
2717,2016,Rick Porcello,R
2717,2017,Rick Porcello,R
2717,2018,Rick Porcello,R
2717,2019,Rick Porcello,R
2717,2020,Rick Porcello,R
2859,2015,Ross Detwiler,L
2859,2019,Ross Detwiler,L
2873,2015,Santiago Casilla,R
2873,2016,Santiago Casilla,R
2873,2017,Santiago Casilla,R
2882,2015,Luis Avilan,L
2895,2015,Zach McAllister,R
2895,2016,Zach McAllister,R
2895,2017,Zach McAllister,R
2929,2015,Jeff Locke,L
2929,2016,Jeff Locke,L
3096,2015,Kenley Jansen,R
3096,2016,Kenley Jansen,R
3096,2017,Kenley Jansen,R
3096,2018,Kenley Jansen,R
3096,2019,Kenley Jansen,R
3132,2015,Tony Watson,L
3132,2016,Tony Watson,L
3132,2017,Tony Watson,L
3132,2018,Tony Watson,L
3132,2019,Tony Watson,L
3137,2015,Max Scherzer,R
3137,2016,Max Scherzer,R
3137,2017,Max Scherzer,R
3137,2018,Max Scherzer,R
3137,2019,Max Scherzer,R
3137,2020,Max Scherzer,R
3184,2015,David Price,L
3184,2016,David Price,L
3184,2017,David Price,L
3184,2018,David Price,L
3184,2019,David Price,L
3192,2015,Will Harris,R
3192,2016,Will Harris,R
3192,2018,Will Harris,R
3192,2019,Will Harris,R
3196,2015,Chris Young,R
3196,2016,Chris Young,R
3200,2015,Ervin Santana,R
3200,2016,Ervin Santana,R
3200,2017,Ervin Santana,R
3201,2015,Francisco Liriano,L
3201,2016,Francisco Liriano,L
3201,2017,Francisco Liriano,L
3201,2018,Francisco Liriano,L
3201,2019,Francisco Liriano,L
3220,2015,Jean Machi,R
3237,2017,T.J. McFarland,L
3237,2018,T.J. McFarland,L
3237,2019,T.J. McFarland,L
3240,2015,Zack Britton,L
3240,2016,Zack Britton,L
3240,2019,Zack Britton,L
3254,2015,Jeff Samardzija,R
3254,2016,Jeff Samardzija,R
3254,2017,Jeff Samardzija,R
3254,2019,Jeff Samardzija,R
3273,2015,Roberto Hernandez,R
3281,2015,Joe Smith,R
3281,2016,Joe Smith,R
3281,2017,Joe Smith,R
3284,2015,Anibal Sanchez,R
3284,2016,Anibal Sanchez,R
3284,2017,Anibal Sanchez,R
3284,2018,Anibal Sanchez,R
3284,2019,Anibal Sanchez,R
3284,2020,Anibal Sanchez,R
3299,2017,Chris Hatcher,R
3321,2015,Darren O'Day,R
3321,2017,Darren O'Day,R
3340,2015,Matt Garza,R
3340,2016,Matt Garza,R
3340,2017,Matt Garza,R
3357,2015,Cesar Ramos,L
3374,2015,Ubaldo Jimenez,R
3374,2016,Ubaldo Jimenez,R
3374,2017,Ubaldo Jimenez,R
3397,2015,Jumbo Diaz,R
3542,2015,Danny Duffy,L
3542,2016,Danny Duffy,L
3542,2017,Danny Duffy,L
3542,2018,Danny Duffy,L
3542,2019,Danny Duffy,L
3542,2020,Danny Duffy,L
3543,2015,Clay Buchholz,R
3543,2016,Clay Buchholz,R
3543,2018,Clay Buchholz,R
3543,2019,Clay Buchholz,R
3547,2015,Carlos Frias,R
3548,2015,Liam Hendriks,R
3548,2016,Liam Hendriks,R
3548,2017,Liam Hendriks,R
3548,2019,Liam Hendriks,R
3551,2016,Clayton Richard,L
3551,2017,Clayton Richard,L
3551,2018,Clayton Richard,L
3555,2016,Tony Barnette,R
3555,2017,Tony Barnette,R
3580,2015,C.J. Wilson,L
3656,2015,Jim Johnson,R
3656,2016,Jim Johnson,R
3656,2017,Jim Johnson,R
3656,2018,Jim Johnson,R
3815,2015,Mat Latos,R
3815,2016,Mat Latos,R
3830,2016,Ricky Nolasco,R
3830,2017,Ricky Nolasco,R
3840,2015,Zach Duke,L
3840,2016,Zach Duke,L
3840,2018,Zach Duke,L
3855,2016,Brett Oberholtzer,L
3862,2015,Rubby de la Rosa,R
3862,2016,Rubby de la Rosa,R
3926,2015,Casey Fien,R
3950,2018,Matt Magill,R
3950,2019,Matt Magill,R
3990,2015,Edinson Volquez,R
3990,2016,Edinson Volquez,R
3990,2017,Edinson Volquez,R
4001,2017,Enny Romero,L
4020,2015,Yusmeiro Petit,R
4020,2016,Yusmeiro Petit,R
4020,2017,Yusmeiro Petit,R
4020,2018,Yusmeiro Petit,R
4020,2019,Yusmeiro Petit,R
4026,2015,Hector Santiago,L
4026,2016,Hector Santiago,L
4026,2017,Hector Santiago,L
4026,2018,Hector Santiago,L
4064,2017,Brian Duensing,L
4070,2015,Pedro Strop,R
4070,2017,Pedro Strop,R
4070,2018,Pedro Strop,R
4079,2015,Junichi Tazawa,R
4079,2017,Junichi Tazawa,R
4090,2015,Luke Gregerson,R
4090,2016,Luke Gregerson,R
4090,2017,Luke Gregerson,R
4138,2015,Carlos Villanueva,R
4138,2016,Carlos Villanueva,R
4141,2015,Derek Holland,L
4141,2016,Derek Holland,L
4141,2017,Derek Holland,L
4141,2018,Derek Holland,L
4141,2019,Derek Holland,L
4153,2015,Jake Arrieta,R
4153,2016,Jake Arrieta,R
4153,2017,Jake Arrieta,R
4153,2018,Jake Arrieta,R
4153,2019,Jake Arrieta,R
4235,2015,Jered Weaver,R
4235,2016,Jered Weaver,R
4259,2016,David Hernandez,R
4259,2017,David Hernandez,R
4259,2018,David Hernandez,R
4264,2015,Mark Melancon,R
4264,2016,Mark Melancon,R
4264,2019,Mark Melancon,R
4300,2016,Matt Albers,R
4300,2017,Matt Albers,R
4300,2019,Matt Albers,R
4301,2015,Justin Wilson,L
4301,2016,Justin Wilson,L
4301,2017,Justin Wilson,L
4301,2018,Justin Wilson,L
4338,2016,Tyler Chatwood,R
4338,2017,Tyler Chatwood,R
4338,2018,Tyler Chatwood,R
4338,2019,Tyler Chatwood,R
4363,2015,Craig Breslow,L
4371,2015,Jeremy Hellickson,R
4371,2016,Jeremy Hellickson,R
4371,2017,Jeremy Hellickson,R
4371,2018,Jeremy Hellickson,R
4424,2015,Jon Niese,L
4424,2016,Jon Niese,L
4505,2015,Jordan Zimmermann,R
4505,2016,Jordan Zimmermann,R
4505,2017,Jordan Zimmermann,R
4505,2018,Jordan Zimmermann,R
4505,2019,Jordan Zimmermann,R
4538,2015,Jason Hammel,R
4538,2016,Jason Hammel,R
4538,2017,Jason Hammel,R
4538,2018,Jason Hammel,R
4544,2017,Chris Smith,R
4662,2017,Brandon McCarthy,R
4662,2018,Brandon McCarthy,R
4676,2015,Charlie Morton,R
4676,2017,Charlie Morton,R
4676,2018,Charlie Morton,R
4676,2019,Charlie Morton,R
4682,2015,Pat Neshek,R
4682,2017,Pat Neshek,R
4696,2016,Nate Jones,R
4732,2015,Matt Cain,R
4732,2016,Matt Cain,R
4732,2017,Matt Cain,R
4759,2015,Jonathan Broxton,R
4759,2016,Jonathan Broxton,R
4772,2015,Felix Hernandez,R
4772,2016,Felix Hernandez,R
4772,2017,Felix Hernandez,R
4772,2018,Felix Hernandez,R
4772,2019,Felix Hernandez,R
4776,2015,Matt Shoemaker,R
4776,2016,Matt Shoemaker,R
4776,2017,Matt Shoemaker,R
4806,2016,Rich Hill,L
4806,2017,Rich Hill,L
4806,2018,Rich Hill,L
4806,2019,Rich Hill,L
4849,2015,Joe Blanton,R
4849,2016,Joe Blanton,R
4869,2015,Mike Montgomery,L
4869,2016,Mike Montgomery,L
4869,2017,Mike Montgomery,L
4869,2018,Mike Montgomery,L
4869,2019,Mike Montgomery,L
4878,2015,Brandon Maurer,R
4878,2016,Brandon Maurer,R
4878,2017,Brandon Maurer,R
4891,2017,Peter Moylan,R
4897,2015,Scott Kazmir,L
4897,2016,Scott Kazmir,L
4930,2015,Jon Lester,L
4930,2016,Jon Lester,L
4930,2017,Jon Lester,L
4930,2018,Jon Lester,L
4930,2019,Jon Lester,L
4930,2020,Jon Lester,L
4955,2015,Justin De Fratus,R
4971,2015,Fernando Salas,R
4971,2016,Fernando Salas,R
4971,2017,Fernando Salas,R
4972,2015,Cole Hamels,L
4972,2016,Cole Hamels,L
4972,2017,Cole Hamels,L
4972,2018,Cole Hamels,L
4972,2019,Cole Hamels,L
5003,2015,Jake Diekman,L
5003,2016,Jake Diekman,L
5003,2018,Jake Diekman,L
5003,2019,Jake Diekman,L
5057,2015,Yohan Flande,L
5070,2015,Josh Fields,R
5070,2017,Josh Fields,R
5088,2015,Franklin Morales,L
5114,2015,Jeurys Familia,R
5114,2016,Jeurys Familia,R
5114,2018,Jeurys Familia,R
5114,2019,Jeurys Familia,R
5203,2015,Mike Pelfrey,R
5203,2016,Mike Pelfrey,R
5203,2017,Mike Pelfrey,R
5221,2016,Wade LeBlanc,L
5221,2017,Wade LeBlanc,L
5221,2018,Wade LeBlanc,L
5221,2019,Wade LeBlanc,L
5224,2017,Blake Parker,R
5224,2018,Blake Parker,R
5224,2019,Blake Parker,R
5257,2019,Wilmer Font,R
5279,2015,Chris Tillman,R
5279,2016,Chris Tillman,R
5279,2017,Chris Tillman,R
5358,2015,Jose Alvarez,L
5358,2016,Jose Alvarez,L
5358,2018,Jose Alvarez,L
5358,2019,Jose Alvarez,L
5365,2019,Manny Banuelos,L
5372,2015,Michael Pineda,R
5372,2016,Michael Pineda,R
5372,2017,Michael Pineda,R
5372,2019,Michael Pineda,R
5401,2017,Brad Peacock,R
5401,2018,Brad Peacock,R
5401,2019,Brad Peacock,R
5420,2015,Pedro Baez,R
5420,2016,Pedro Baez,R
5420,2017,Pedro Baez,R
5420,2018,Pedro Baez,R
5420,2019,Pedro Baez,R
5448,2015,Jesse Chavez,R
5448,2016,Jesse Chavez,R
5448,2017,Jesse Chavez,R
5448,2018,Jesse Chavez,R
5448,2019,Jesse Chavez,R
5498,2017,Arodys Vizcaino,R
5524,2015,Madison Bumgarner,L
5524,2016,Madison Bumgarner,L
5524,2017,Madison Bumgarner,L
5524,2018,Madison Bumgarner,L
5524,2019,Madison Bumgarner,L
5615,2019,Ryan Brasier,R
5640,2015,Tyler Clippard,R
5640,2016,Tyler Clippard,R
5640,2017,Tyler Clippard,R
5640,2018,Tyler Clippard,R
5640,2019,Tyler Clippard,R
5702,2016,Junior Guerra,R
5702,2017,Junior Guerra,R
5702,2018,Junior Guerra,R
5702,2019,Junior Guerra,R
5705,2015,Tim Lincecum,R
5830,2016,Jhan Marinez,R
5830,2017,Jhan Marinez,R
5867,2015,Danny Salazar,R
5867,2016,Danny Salazar,R
5867,2017,Danny Salazar,R
5975,2015,Jonathan Papelbon,R
5985,2015,Randall Delgado,R
5985,2016,Randall Delgado,R
5985,2017,Randall Delgado,R
6033,2015,Kelvin Herrera,R
6033,2016,Kelvin Herrera,R
6033,2017,Kelvin Herrera,R
6033,2019,Kelvin Herrera,R
6175,2016,Albert Suarez,R
6216,2015,Dellin Betances,R
6216,2016,Dellin Betances,R
6216,2017,Dellin Betances,R
6216,2018,Dellin Betances,R
6230,2015,Kyle Kendrick,R
6249,2016,Trevor Cahill,R
6249,2017,Trevor Cahill,R
6249,2018,Trevor Cahill,R
6249,2019,Trevor Cahill,R
6283,2015,Scott Feldman,R
6283,2016,Scott Feldman,R
6283,2017,Scott Feldman,R
6316,2015,David Phelps,R
6316,2016,David Phelps,R
6316,2017,David Phelps,R
6324,2015,Al Alburquerque,R
6329,2015,John Danks,L
6345,2015,Chris Archer,R
6345,2016,Chris Archer,R
6345,2017,Chris Archer,R
6345,2018,Chris Archer,R
6345,2019,Chris Archer,R
6397,2015,Jake Odorizzi,R
6397,2016,Jake Odorizzi,R
6397,2017,Jake Odorizzi,R
6397,2018,Jake Odorizzi,R
6397,2019,Jake Odorizzi,R
6398,2015,Trevor May,R
6398,2019,Trevor May,R
6435,2015,Vance Worley,R
6435,2016,Vance Worley,R
6435,2017,Vance Worley,R
6475,2015,Kevin Jepsen,R
6483,2015,Steve Cishek,R
6483,2016,Steve Cishek,R
6483,2018,Steve Cishek,R
6483,2019,Steve Cishek,R
6499,2015,Blaine Hardy,L
6499,2018,Blaine Hardy,L
6562,2017,Alex Cobb,R
6562,2018,Alex Cobb,R
6562,2020,Alex Cobb,R
6570,2015,Tom Koehler,R
6570,2016,Tom Koehler,R
6570,2017,Tom Koehler,R
6627,2015,Brad Brach,R
6627,2016,Brad Brach,R
6627,2017,Brad Brach,R
6627,2018,Brad Brach,R
6627,2019,Brad Brach,R
6632,2015,Carlos Carrasco,R
6632,2016,Carlos Carrasco,R
6632,2017,Carlos Carrasco,R
6632,2018,Carlos Carrasco,R
6632,2019,Carlos Carrasco,R
6632,2020,Carlos Carrasco,R
6655,2015,Craig Kimbrel,R
6655,2016,Craig Kimbrel,R
6655,2017,Craig Kimbrel,R
6655,2018,Craig Kimbrel,R
6661,2015,Alex Colome,R
6661,2016,Alex Colome,R
6661,2017,Alex Colome,R
6661,2018,Alex Colome,R
6661,2019,Alex Colome,R
6785,2015,Andrew Miller,L
6785,2016,Andrew Miller,L
6785,2017,Andrew Miller,L
6785,2019,Andrew Miller,L
6797,2015,Julio Teheran,R
6797,2016,Julio Teheran,R
6797,2017,Julio Teheran,R
6797,2018,Julio Teheran,R
6797,2019,Julio Teheran,R
6819,2015,Robbie Ross Jr.,L
6819,2016,Robbie Ross Jr.,L
6832,2017,Sam Freeman,L
6832,2018,Sam Freeman,L
6893,2015,Johnny Cueto,R
6893,2016,Johnny Cueto,R
6893,2017,Johnny Cueto,R
6893,2018,Johnny Cueto,R
6893,2020,Johnny Cueto,R
6895,2015,Chase Anderson,R
6895,2016,Chase Anderson,R
6895,2017,Chase Anderson,R
6895,2018,Chase Anderson,R
6895,2019,Chase Anderson,R
6902,2015,Martin Perez,L
6902,2016,Martin Perez,L
6902,2017,Martin Perez,L
6902,2018,Martin Perez,L
6902,2019,Martin Perez,L
6902,2020,Martin Perez,L
6941,2015,Joakim Soria,R
6941,2016,Joakim Soria,R
6941,2017,Joakim Soria,R
6941,2018,Joakim Soria,R
6941,2019,Joakim Soria,R
6943,2015,Luke Hochevar,R
6983,2015,Drew Storen,R
6983,2016,Drew Storen,R
6983,2017,Drew Storen,R
6984,2015,Luis Garcia,R
6984,2017,Luis Garcia,R
6984,2019,Luis Garcia,R
6986,2015,Ian Kennedy,R
6986,2016,Ian Kennedy,R
6986,2017,Ian Kennedy,R
6986,2018,Ian Kennedy,R
6986,2019,Ian Kennedy,R
7005,2016,Ryan Pressly,R
7005,2017,Ryan Pressly,R
7005,2018,Ryan Pressly,R
7005,2019,Ryan Pressly,R
7024,2015,Miguel Gonzalez,R
7024,2016,Miguel Gonzalez,R
7024,2017,Miguel Gonzalez,R
7059,2015,James Shields,R
7059,2016,James Shields,R
7059,2017,James Shields,R
7059,2018,James Shields,R
7146,2015,Daniel Hudson,R
7146,2016,Daniel Hudson,R
7146,2017,Daniel Hudson,R
7146,2019,Daniel Hudson,R
7169,2015,Ryan Mattheus,R
7196,2017,Greg Holland,R
7274,2017,Craig Stammen,R
7274,2018,Craig Stammen,R
7274,2019,Craig Stammen,R
7293,2015,Brad Ziegler,R
7293,2016,Brad Ziegler,R
7293,2018,Brad Ziegler,R
7312,2015,Josh Collmenter,R
7385,2016,Dan Otero,R
7385,2017,Dan Otero,R
7385,2018,Dan Otero,R
7396,2016,Dillon Gee,R
7407,2019,Javy Guerra,R
7410,2015,J.A. Happ,L
7410,2016,J.A. Happ,L
7410,2017,J.A. Happ,L
7410,2018,J.A. Happ,L
7410,2019,J.A. Happ,L
7416,2015,Mark Lowe,R
7441,2015,Wade Davis,R
7441,2017,Wade Davis,R
7441,2018,Wade Davis,R
7448,2015,Gio Gonzalez,L
7448,2016,Gio Gonzalez,L
7448,2017,Gio Gonzalez,L
7448,2018,Gio Gonzalez,L
7448,2019,Gio Gonzalez,L
7450,2015,Phil Hughes,R
7450,2016,Phil Hughes,R
7450,2017,Phil Hughes,R
7466,2017,Anthony Swarzak,R
7466,2019,Anthony Swarzak,R
7474,2015,Ryan Webb,R
7525,2015,Evan Scribner,R
7531,2015,Collin McHugh,R
7531,2016,Collin McHugh,R
7531,2017,Collin McHugh,R
7531,2018,Collin McHugh,R
7531,2019,Collin McHugh,R
7550,2017,Jake McGee,L
7550,2018,Jake McGee,L
7555,2016,Nick Vincent,R
7555,2017,Nick Vincent,R
7555,2018,Nick Vincent,R
7558,2015,Fernando Rodriguez,R
7593,2016,Jordan Lyles,R
7593,2017,Jordan Lyles,R
7593,2018,Jordan Lyles,R
7593,2019,Jordan Lyles,R
7593,2020,Jordan Lyles,R
7608,2015,Tommy Milone,L
7608,2016,Tommy Milone,L
7608,2019,Tommy Milone,L
7624,2015,Carlos Torres,R
7624,2016,Carlos Torres,R
7624,2017,Carlos Torres,R
7725,2017,David Holmberg,L
7731,2015,Juan Nicasio,R
7731,2016,Juan Nicasio,R
7731,2017,Juan Nicasio,R
7738,2015,Wily Peralta,R
7738,2016,Wily Peralta,R
7738,2017,Wily Peralta,R
7754,2015,Mike Fiers,R
7754,2016,Mike Fiers,R
7754,2017,Mike Fiers,R
7754,2018,Mike Fiers,R
7754,2019,Mike Fiers,R
7754,2020,Mike Fiers,R
7773,2015,Shawn Kelley,R
7773,2016,Shawn Kelley,R
7803,2017,Richard Bleier,L
7803,2019,Richard Bleier,L
7836,2015,Hunter Strickland,R
7836,2016,Hunter Strickland,R
7836,2017,Hunter Strickland,R
7872,2015,Tyson Ross,R
7872,2018,Tyson Ross,R
7942,2015,Christian Friedrich,L
7942,2016,Christian Friedrich,L
7947,2017,Cory Gearrin,R
7947,2018,Cory Gearrin,R
7947,2019,Cory Gearrin,R
7982,2015,Anthony Bass,R
8004,2019,Marcus Walden,R
8037,2016,Paul Clemens,R
8041,2015,Glen Perkins,L
8044,2017,Jason Vargas,L
8044,2018,Jason Vargas,L
8044,2019,Jason Vargas,L
8048,2015,Will Smith,L
8048,2018,Will Smith,L
8048,2019,Will Smith,L
8073,2015,Dan Jennings,L
8073,2016,Dan Jennings,L
8073,2017,Dan Jennings,L
8073,2018,Dan Jennings,L
8110,2015,Bryan Shaw,R
8110,2016,Bryan Shaw,R
8110,2017,Bryan Shaw,R
8110,2018,Bryan Shaw,R
8110,2019,Bryan Shaw,R
8137,2015,Jaime Garcia,L
8137,2016,Jaime Garcia,L
8137,2017,Jaime Garcia,L
8137,2018,Jaime Garcia,L
8173,2015,Yovani Gallardo,R
8173,2016,Yovani Gallardo,R
8173,2017,Yovani Gallardo,R
8173,2018,Yovani Gallardo,R
8180,2015,Kevin Siegrist,L
8180,2016,Kevin Siegrist,L
8185,2015,Steven Wright,R
8185,2016,Steven Wright,R
8185,2018,Steven Wright,R
8223,2015,Brett Anderson,L
8223,2017,Brett Anderson,L
8223,2018,Brett Anderson,L
8223,2019,Brett Anderson,L
8241,2015,David Robertson,R
8241,2016,David Robertson,R
8241,2017,David Robertson,R
8241,2018,David Robertson,R
8245,2016,J.P. Howell,L
8258,2015,Huston Street,R
8268,2016,Ross Ohlendorf,R
8280,2015,Tony Sipp,L
8302,2016,JC Ramirez,R
8302,2017,JC Ramirez,R
8350,2015,AJ Ramos,R
8350,2016,AJ Ramos,R
8350,2017,AJ Ramos,R
8362,2017,Homer Bailey,R
8362,2018,Homer Bailey,R
8362,2019,Homer Bailey,R
8402,2015,Steve Geltz,R
8410,2016,Deolis Guerra,R
8493,2016,John Lamb,L
8501,2015,Danny Farquhar,R
8580,2018,Justin Miller,R
8600,2016,Dustin McGowan,R
8600,2017,Dustin McGowan,R
8700,2015,Justin Verlander,R
8700,2016,Justin Verlander,R
8700,2017,Justin Verlander,R
8700,2018,Justin Verlander,R
8700,2019,Justin Verlander,R
8753,2015,Tanner Roark,R
8753,2016,Tanner Roark,R
8753,2017,Tanner Roark,R
8753,2018,Tanner Roark,R
8753,2019,Tanner Roark,R
8779,2015,Wade Miley,L
8779,2016,Wade Miley,L
8779,2017,Wade Miley,L
8779,2018,Wade Miley,L
8779,2019,Wade Miley,L
8782,2015,Andrew Cashner,R
8782,2016,Andrew Cashner,R
8782,2017,Andrew Cashner,R
8782,2018,Andrew Cashner,R
8782,2019,Andrew Cashner,R
8823,2017,Oliver Drake,R
8823,2019,Oliver Drake,R
8844,2015,Antonio Bastardo,L
8844,2016,Antonio Bastardo,L
8992,2015,Arquimedes Caminero,R
8992,2016,Arquimedes Caminero,R
9029,2015,Adam Warren,R
9029,2016,Adam Warren,R
9029,2017,Adam Warren,R
9029,2018,Adam Warren,R
9033,2015,Jeanmar Gomez,R
9033,2016,Jeanmar Gomez,R
9037,2015,J.J. Hoover,R
9059,2015,John Axford,R
9059,2016,John Axford,R
9059,2018,John Axford,R
9073,2017,Kirby Yates,R
9073,2018,Kirby Yates,R
9073,2019,Kirby Yates,R
9111,2015,Brad Hand,L
9111,2016,Brad Hand,L
9111,2017,Brad Hand,L
9111,2018,Brad Hand,L
9111,2019,Brad Hand,L
9119,2017,Gregory Infante,R
9132,2015,Nathan Eovaldi,R
9132,2016,Nathan Eovaldi,R
9132,2018,Nathan Eovaldi,R
9132,2019,Nathan Eovaldi,R
9137,2015,Sean O'Sullivan,R
9178,2015,Kyle Lobstein,L
9239,2015,Alex Wilson,R
9239,2016,Alex Wilson,R
9239,2017,Alex Wilson,R
9239,2018,Alex Wilson,R
9323,2015,Patrick Corbin,L
9323,2016,Patrick Corbin,L
9323,2017,Patrick Corbin,L
9323,2018,Patrick Corbin,L
9323,2019,Patrick Corbin,L
9323,2020,Patrick Corbin,L
9325,2015,Jared Hughes,R
9325,2016,Jared Hughes,R
9325,2017,Jared Hughes,R
9325,2018,Jared Hughes,R
9325,2019,Jared Hughes,R
9388,2015,Josh Tomlin,R
9388,2016,Josh Tomlin,R
9388,2017,Josh Tomlin,R
9388,2018,Josh Tomlin,R
9388,2019,Josh Tomlin,R
9417,2015,Kris Medlen,R
9425,2015,Doug Fister,R
9425,2016,Doug Fister,R
9425,2017,Doug Fister,R
9425,2018,Doug Fister,R
9434,2015,Dallas Keuchel,L
9434,2016,Dallas Keuchel,L
9434,2017,Dallas Keuchel,L
9434,2018,Dallas Keuchel,L
9434,2019,Dallas Keuchel,L
9434,2020,Dallas Keuchel,L
9456,2016,Ryan Buchter,L
9456,2017,Ryan Buchter,L
9460,2016,Dan Straily,R
9460,2017,Dan Straily,R
9460,2018,Dan Straily,R
9486,2015,George Kontos,R
9486,2016,George Kontos,R
9486,2017,George Kontos,R
9490,2015,Jeremy Jeffress,R
9490,2016,Jeremy Jeffress,R
9490,2017,Jeremy Jeffress,R
9490,2018,Jeremy Jeffress,R
9490,2019,Jeremy Jeffress,R
9492,2015,Bud Norris,R
9492,2016,Bud Norris,R
9492,2017,Bud Norris,R
9492,2018,Bud Norris,R
9559,2017,Austin Bibens-Dirkx,R
9654,2015,Michael Blazek,R
9674,2015,Vidal Nuno,L
9674,2016,Vidal Nuno,L
9720,2018,Louis Coleman,R
9736,2015,Burke Badenhop,R
9756,2015,David Hale,R
9761,2015,Joe Kelly,R
9761,2017,Joe Kelly,R
9761,2018,Joe Kelly,R
9761,2019,Joe Kelly,R
9784,2015,Garrett Richards,R
9784,2018,Garrett Richards,R
9784,2020,Garrett Richards,R
9803,2018,Miles Mikolas,R
9803,2019,Miles Mikolas,R
9817,2015,Sergio Romo,R
9817,2017,Sergio Romo,R
9817,2018,Sergio Romo,R
9817,2019,Sergio Romo,R
9866,2018,Chaz Roe,R
9866,2019,Chaz Roe,R
9884,2015,Travis Wood,L
9884,2016,Travis Wood,L
9884,2017,Travis Wood,L
9895,2015,Chris Rusin,L
9895,2016,Chris Rusin,L
9895,2017,Chris Rusin,L
9895,2018,Chris Rusin,L
9904,2015,Pedro Villarreal,R
9939,2016,Brandon Kintzler,R
9939,2017,Brandon Kintzler,R
9939,2018,Brandon Kintzler,R
9939,2019,Brandon Kintzler,R
9948,2015,Mike Dunn,L
9948,2017,Mike Dunn,L
9975,2015,Tom Wilhelmsen,R
10021,2017,Mike Minor,L
10021,2018,Mike Minor,L
10021,2019,Mike Minor,L
10021,2020,Mike Minor,L
10039,2015,Keyvius Sampson,R
10066,2016,Ian Krol,L
10123,2015,Kyle Gibson,R
10123,2016,Kyle Gibson,R
10123,2017,Kyle Gibson,R
10123,2018,Kyle Gibson,R
10123,2019,Kyle Gibson,R
10123,2020,Kyle Gibson,R
10130,2015,Mike Leake,R
10130,2016,Mike Leake,R
10130,2017,Mike Leake,R
10130,2018,Mike Leake,R
10130,2019,Mike Leake,R
10131,2015,Stephen Strasburg,R
10131,2016,Stephen Strasburg,R
10131,2017,Stephen Strasburg,R
10131,2018,Stephen Strasburg,R
10131,2019,Stephen Strasburg,R
10133,2015,Brad Boxberger,R
10133,2018,Brad Boxberger,R
10171,2017,Jose Ramirez,R
10190,2017,Tyler Skaggs,L
10190,2018,Tyler Skaggs,L
10190,2019,Tyler Skaggs,L
10197,2015,Shelby Miller,R
10197,2016,Shelby Miller,R
10233,2015,Aroldis Chapman,L
10233,2016,Aroldis Chapman,L
10233,2017,Aroldis Chapman,L
10233,2018,Aroldis Chapman,L
10233,2019,Aroldis Chapman,L
10234,2015,Bryan Morris,R
10261,2015,Alexi Ogando,R
10285,2017,Josh Smoker,L
10291,2017,Ryan Tepera,R
10291,2018,Ryan Tepera,R
10297,2017,Chad Bell,L
10302,2015,Chris Heston,R
10304,2015,Jarred Cosart,R
10304,2016,Jarred Cosart,R
10310,2017,Zack Wheeler,R
10310,2018,Zack Wheeler,R
10310,2019,Zack Wheeler,R
10310,2020,Zack Wheeler,R
10314,2015,Erasmo Ramirez,R
10314,2016,Erasmo Ramirez,R
10314,2017,Erasmo Ramirez,R
10315,2016,Michael Tonkin,R
10343,2017,Aaron Loup,L
10354,2018,Robbie Erlin,L
10354,2019,Robbie Erlin,L
10430,2016,Mychal Givens,R
10430,2017,Mychal Givens,R
10430,2018,Mychal Givens,R
10430,2019,Mychal Givens,R
10481,2015,Shawn Tolleson,R
10534,2015,Jake Petricka,R
10547,2015,Jimmy Nelson,R
10547,2016,Jimmy Nelson,R
10547,2017,Jimmy Nelson,R
10586,2015,Addison Reed,R
10586,2016,Addison Reed,R
10586,2017,Addison Reed,R
10586,2018,Addison Reed,R
10587,2015,Chad Bettis,R
10587,2016,Chad Bettis,R
10587,2018,Chad Bettis,R
10587,2019,Chad Bettis,R
10591,2017,Scott Alexander,L
10591,2018,Scott Alexander,L
10603,2015,Chris Sale,L
10603,2016,Chris Sale,L
10603,2017,Chris Sale,L
10603,2018,Chris Sale,L
10603,2019,Chris Sale,L
10688,2016,Tyler Thornburg,R
10732,2015,Drew Hutchison,R
10745,2015,Trevor Rosenthal,R
10756,2015,Shane Greene,R
10756,2016,Shane Greene,R
10756,2017,Shane Greene,R
10756,2018,Shane Greene,R
10756,2019,Shane Greene,R
10811,2015,Mike Foltynewicz,R
10811,2016,Mike Foltynewicz,R
10811,2017,Mike Foltynewicz,R
10811,2018,Mike Foltynewicz,R
10811,2019,Mike Foltynewicz,R
10836,2017,Asher Wojciechowski,R
10836,2019,Asher Wojciechowski,R
10843,2019,Adam Kolarek,L
10855,2015,Chasen Shreve,L
10855,2018,Chasen Shreve,L
10925,2015,Christian Bergman,R
10925,2017,Christian Bergman,R
10946,2016,Josh A. Smith,R
10954,2015,Jacob deGrom,R
10954,2016,Jacob deGrom,R
10954,2017,Jacob deGrom,R
10954,2018,Jacob deGrom,R
10954,2019,Jacob deGrom,R
10954,2020,Jacob deGrom,R
10968,2016,Tim Adleman,R
10968,2017,Tim Adleman,R
10982,2017,Chase Whitley,R
11121,2017,Casey Lawrence,R
11132,2016,A.J. Griffin,R
11132,2017,A.J. Griffin,R
11137,2015,Mike Bolsinger,R
11156,2019,Merrill Kelly,R
11176,2015,David Buchanan,R
11189,2015,Vince Velasquez,R
11189,2016,Vince Velasquez,R
11189,2017,Vince Velasquez,R
11189,2018,Vince Velasquez,R
11189,2019,Vince Velasquez,R
11294,2016,Zach Neal,R
11334,2015,Tyler Lyons,L
11334,2017,Tyler Lyons,L
11350,2016,Pat Dean,L
11378,2016,Tyrell Jenkins,R
11384,2017,Tommy Kahnle,R
11384,2019,Tommy Kahnle,R
11388,2017,Danny Barnes,R
11423,2015,Jose Quintana,L
11423,2016,Jose Quintana,L
11423,2017,Jose Quintana,L
11423,2018,Jose Quintana,L
11423,2019,Jose Quintana,L
11426,2015,Drew Pomeranz,L
11426,2016,Drew Pomeranz,L
11426,2017,Drew Pomeranz,L
11426,2018,Drew Pomeranz,L
11426,2019,Drew Pomeranz,L
11428,2019,Brandon Workman,R
11432,2016,A.J. Schugel,R
11437,2018,Jesse Biddle,L
11449,2017,Matt Grace,L
11449,2018,Matt Grace,L
11467,2017,A.J. Cole,R
11479,2018,Bryan Mitchell,R
11486,2015,Robbie Ray,L
11486,2016,Robbie Ray,L
11486,2017,Robbie Ray,L
11486,2018,Robbie Ray,L
11486,2019,Robbie Ray,L
11486,2020,Robbie Ray,L
11490,2015,Aaron Sanchez,R
11490,2016,Aaron Sanchez,R
11490,2018,Aaron Sanchez,R
11490,2019,Aaron Sanchez,R
11502,2017,Parker Bridwell,R
11528,2019,Josh Osich,L
11530,2015,Jose Fernandez,R
11530,2016,Jose Fernandez,R
11589,2015,Jose Urena,R
11589,2016,Jose Urena,R
11589,2017,Jose Urena,R
11589,2018,Jose Urena,R
11589,2019,Jose Urena,R
11592,2015,Williams Perez,R
11592,2016,Williams Perez,R
11632,2016,Heath Hembree,R
11632,2017,Heath Hembree,R
11632,2018,Heath Hembree,R
11674,2016,Jameson Taillon,R
11674,2017,Jameson Taillon,R
11674,2018,Jameson Taillon,R
11682,2015,Carlos Martinez,R
11682,2016,Carlos Martinez,R
11682,2017,Carlos Martinez,R
11682,2018,Carlos Martinez,R
11691,2018,Tayron Guerrero,R
11694,2018,Nick Kingham,R
11694,2019,Nick Kingham,R
11710,2015,Sam Dyson,R
11710,2016,Sam Dyson,R
11710,2017,Sam Dyson,R
11710,2018,Sam Dyson,R
11710,2019,Sam Dyson,R
11713,2015,Matt Harvey,R
11713,2016,Matt Harvey,R
11713,2017,Matt Harvey,R
11713,2018,Matt Harvey,R
11713,2019,Matt Harvey,R
11720,2016,Justin Grimm,R
11720,2017,Justin Grimm,R
11752,2017,Luke Jackson,R
11752,2019,Luke Jackson,R
11753,2015,Kyle Ryan,L
11753,2016,Kyle Ryan,L
11753,2019,Kyle Ryan,L
11754,2015,Justin Nicolino,L
11754,2016,Justin Nicolino,L
11760,2015,Drew Smyly,L
11760,2016,Drew Smyly,L
11760,2019,Drew Smyly,L
11762,2015,Noah Syndergaard,R
11762,2016,Noah Syndergaard,R
11762,2018,Noah Syndergaard,R
11762,2019,Noah Syndergaard,R
11801,2015,Hansel Robles,R
11801,2016,Hansel Robles,R
11801,2017,Hansel Robles,R
11801,2018,Hansel Robles,R
11801,2019,Hansel Robles,R
11804,2016,Hector Neris,R
11804,2017,Hector Neris,R
11804,2019,Hector Neris,R
11828,2015,James Paxton,L
11828,2016,James Paxton,L
11828,2017,James Paxton,L
11828,2018,James Paxton,L
11828,2019,James Paxton,L
11836,2015,Taijuan Walker,R
11836,2016,Taijuan Walker,R
11836,2017,Taijuan Walker,R
11836,2020,Taijuan Walker,R
11847,2019,Chris Martin,R
11855,2015,Yordano Ventura,R
11855,2016,Yordano Ventura,R
11903,2016,Michael Feliz,R
11903,2019,Michael Feliz,R
11964,2019,Taylor Cole,R
12022,2015,Matt Andriese,R
12022,2016,Matt Andriese,R
12022,2017,Matt Andriese,R
12022,2018,Matt Andriese,R
12022,2019,Matt Andriese,R
12027,2016,Brian Flynn,L
12027,2018,Brian Flynn,L
12042,2015,J.R. Graham,R
12049,2015,Kyle Hendricks,R
12049,2016,Kyle Hendricks,R
12049,2017,Kyle Hendricks,R
12049,2018,Kyle Hendricks,R
12049,2019,Kyle Hendricks,R
12049,2020,Kyle Hendricks,R
12076,2016,Felipe Vazquez,L
12076,2017,Felipe Vazquez,L
12076,2018,Felipe Vazquez,L
12076,2019,Felipe Vazquez,L
12095,2015,Yimi Garcia,R
12095,2019,Yimi Garcia,R
12183,2015,Cody Allen,R
12183,2016,Cody Allen,R
12183,2017,Cody Allen,R
12183,2018,Cody Allen,R
12235,2015,Seth Maness,R
12237,2018,Dan Winkler,R
12272,2015,Aaron Brooks,R
12272,2019,Aaron Brooks,R
12297,2019,Evan Marshall,R
12304,2015,Chris Bassitt,R
12304,2019,Chris Bassitt,R
12304,2020,Chris Bassitt,R
12317,2016,Colin Rea,R
12323,2017,Jacob Barnes,R
12360,2015,Kevin Quackenbush,R
12360,2016,Kevin Quackenbush,R
12385,2016,Nick Tropeano,R
12385,2018,Nick Tropeano,R
12447,2016,Seth Lugo,R
12447,2017,Seth Lugo,R
12447,2018,Seth Lugo,R
12447,2019,Seth Lugo,R
12452,2018,Chasen Bradford,R
12555,2016,Tony Cingrani,L
12572,2015,Blake Treinen,R
12572,2016,Blake Treinen,R
12572,2017,Blake Treinen,R
12572,2018,Blake Treinen,R
12572,2019,Blake Treinen,R
12575,2019,Nick Ramirez,L
12580,2015,Adam Morgan,L
12580,2016,Adam Morgan,L
12580,2017,Adam Morgan,L
12586,2016,Mike Wright Jr.,R
12586,2018,Mike Wright Jr.,R
12638,2015,Nathan Karns,R
12638,2016,Nathan Karns,R
12664,2015,Jerad Eickhoff,R
12664,2016,Jerad Eickhoff,R
12664,2017,Jerad Eickhoff,R
12664,2019,Jerad Eickhoff,R
12673,2015,Roenis Elias,L
12673,2018,Roenis Elias,L
12673,2019,Roenis Elias,L
12680,2019,Ryne Harper,R
12691,2016,Tyler Wilson,R
12703,2015,Trevor Bauer,R
12703,2016,Trevor Bauer,R
12703,2017,Trevor Bauer,R
12703,2018,Trevor Bauer,R
12703,2019,Trevor Bauer,R
12703,2020,Trevor Bauer,R
12718,2019,Adrian Houser,R
12718,2020,Adrian Houser,R
12730,2015,Nick Martinez,R
12730,2017,Nick Martinez,R
12760,2017,Rafael Montero,R
12763,2016,Chris Devenski,R
12763,2017,Chris Devenski,R
12763,2019,Chris Devenski,R
12768,2015,Sonny Gray,R
12768,2016,Sonny Gray,R
12768,2017,Sonny Gray,R
12768,2018,Sonny Gray,R
12768,2019,Sonny Gray,R
12768,2020,Sonny Gray,R
12774,2019,Jairo Diaz,R
12777,2017,John Brebbia,R
12777,2018,John Brebbia,R
12777,2019,John Brebbia,R
12778,2017,Sam Gaviglio,R
12778,2018,Sam Gaviglio,R
12778,2019,Sam Gaviglio,R
12781,2015,Sean Gilmartin,L
12784,2018,Burch Smith,R
12799,2015,Cody Anderson,R
12799,2016,Cody Anderson,R
12800,2018,Noe Ramirez,R
12800,2019,Noe Ramirez,R
12804,2015,Matt Wisler,R
12804,2016,Matt Wisler,R
12804,2019,Matt Wisler,R
12808,2016,Mike Clevinger,R
12808,2017,Mike Clevinger,R
12808,2018,Mike Clevinger,R
12808,2019,Mike Clevinger,R
12825,2016,Joel De La Cruz,R
12833,2017,Alex Meyer,R
12857,2019,Shawn Armstrong,R
12863,2016,Matt Barnes,R
12863,2017,Matt Barnes,R
12863,2018,Matt Barnes,R
12863,2019,Matt Barnes,R
12880,2016,Tyler Anderson,L
12880,2017,Tyler Anderson,L
12880,2018,Tyler Anderson,L
12880,2020,Tyler Anderson,L
12890,2016,Alex Claudio,L
12890,2017,Alex Claudio,L
12890,2018,Alex Claudio,L
12890,2019,Alex Claudio,L
12905,2016,Logan Verrett,R
12910,2015,Ken Giles,R
12910,2016,Ken Giles,R
12910,2017,Ken Giles,R
12910,2018,Ken Giles,R
12910,2019,Ken Giles,R
12917,2016,Dylan Bundy,R
12917,2017,Dylan Bundy,R
12917,2018,Dylan Bundy,R
12917,2019,Dylan Bundy,R
12917,2020,Dylan Bundy,R
12918,2016,Archie Bradley,R
12918,2017,Archie Bradley,R
12918,2018,Archie Bradley,R
12918,2019,Archie Bradley,R
12938,2019,Gabriel Ynoa,R
12970,2016,Joe Musgrove,R
12970,2017,Joe Musgrove,R
12970,2018,Joe Musgrove,R
12970,2019,Joe Musgrove,R
12972,2015,Joe Ross,R
12972,2016,Joe Ross,R
12972,2017,Joe Ross,R
12972,2019,Joe Ross,R
12988,2015,Andrew Chafin,L
12988,2017,Andrew Chafin,L
12988,2019,Andrew Chafin,L
12997,2019,Colten Brewer,R
13048,2015,Hisashi Iwakuma,R
13048,2016,Hisashi Iwakuma,R
13050,2015,Anthony DeSclafani,R
13050,2016,Anthony DeSclafani,R
13050,2018,Anthony DeSclafani,R
13050,2019,Anthony DeSclafani,R
13071,2015,Wei-Yin Chen,L
13071,2016,Wei-Yin Chen,L
13071,2018,Wei-Yin Chen,L
13071,2019,Wei-Yin Chen,L
13074,2016,Yu Darvish,R
13074,2017,Yu Darvish,R
13074,2019,Yu Darvish,R
13074,2020,Yu Darvish,R
13119,2015,Taylor Jungmann,R
13125,2015,Gerrit Cole,R
13125,2016,Gerrit Cole,R
13125,2017,Gerrit Cole,R
13125,2018,Gerrit Cole,R
13125,2019,Gerrit Cole,R
13125,2020,Gerrit Cole,R
13133,2016,Derek Law,R
13133,2019,Derek Law,R
13143,2015,Henry Owens,L
13164,2015,Eduardo Rodriguez,L
13164,2016,Eduardo Rodriguez,L
13164,2017,Eduardo Rodriguez,L
13164,2018,Eduardo Rodriguez,L
13164,2019,Eduardo Rodriguez,L
13172,2015,Carson Smith,R
13182,2018,Kyle Crick,R
13183,2016,Zach Davies,R
13183,2017,Zach Davies,R
13183,2018,Zach Davies,R
13183,2019,Zach Davies,R
13183,2020,Zach Davies,R
13188,2017,Adalberto Mejia,L
13194,2016,Joe Biagini,R
13194,2017,Joe Biagini,R
13194,2018,Joe Biagini,R
13194,2019,Joe Biagini,R
13211,2017,Warwick Saupold,R
13218,2016,Michael Fulmer,R
13218,2017,Michael Fulmer,R
13218,2018,Michael Fulmer,R
13273,2016,Ross Stripling,R
13273,2017,Ross Stripling,R
13273,2018,Ross Stripling,R
13273,2019,Ross Stripling,R
13287,2015,Jesse Hahn,R
13287,2017,Jesse Hahn,R
13293,2017,Daniel Coulombe,L
13322,2016,Jake Barrett,R
13323,2017,James Pazos,L
13323,2018,James Pazos,L
13339,2019,Adrian Sampson,R
13345,2016,Luis Cessa,R
13345,2019,Luis Cessa,R
13360,2018,Cam Bedrosian,R
13360,2019,Cam Bedrosian,R
13361,2016,Steven Matz,L
13361,2017,Steven Matz,L
13361,2018,Steven Matz,L
13361,2019,Steven Matz,L
13394,2018,Dylan Floro,R
13403,2018,Felix Pena,R
13403,2019,Felix Pena,R
13418,2017,Chris Beck,R
13420,2018,Matt Koch,R
13424,2018,Drew VerHagen,R
13424,2019,Drew VerHagen,R
13431,2016,Marcus Stroman,R
13431,2017,Marcus Stroman,R
13431,2018,Marcus Stroman,R
13431,2019,Marcus Stroman,R
13442,2016,Mike Morin,R
13442,2019,Mike Morin,R
13449,2016,Taylor Rogers,L
13449,2017,Taylor Rogers,L
13449,2018,Taylor Rogers,L
13449,2019,Taylor Rogers,L
13453,2015,Eddie Butler,R
13453,2016,Eddie Butler,R
13453,2017,Eddie Butler,R
13470,2017,Lucas Sims,R
13475,2015,Daniel Norris,L
13475,2016,Daniel Norris,L
13475,2017,Daniel Norris,L
13475,2019,Daniel Norris,L
13528,2016,Matt Bowman,R
13528,2017,Matt Bowman,R
13533,2016,Andrew Triggs,R
13533,2017,Andrew Triggs,R
13543,2016,Blake Snell,L
13543,2017,Blake Snell,L
13543,2018,Blake Snell,L
13543,2019,Blake Snell,L
13543,2020,Blake Snell,L
13549,2018,Richard Rodriguez,R
13549,2019,Richard Rodriguez,R
13560,2017,Alec Asher,R
13594,2017,Robert Stephenson,R
13594,2019,Robert Stephenson,R
13607,2017,Carl Edwards Jr.,R
13607,2018,Carl Edwards Jr.,R
13619,2017,Jakob Junis,R
13619,2018,Jakob Junis,R
13619,2019,Jakob Junis,R
13649,2019,Clay Holmes,R
13654,2017,Jharel Cotton,R
13677,2018,Corey Oswalt,R
13684,2016,John Gant,R
13684,2018,John Gant,R
13684,2019,John Gant,R
13685,2017,Nick Goody,R
13690,2017,Sal Romano,R
13690,2018,Sal Romano,R
13696,2017,Robert Gsellman,R
13696,2018,Robert Gsellman,R
13696,2019,Robert Gsellman,R
13699,2017,Jake Faria,R
13699,2018,Jake Faria,R
13713,2016,Kyle Barraclough,R
13713,2017,Kyle Barraclough,R
13713,2018,Kyle Barraclough,R
13743,2019,Max Fried,L
13743,2020,Max Fried,L
13758,2015,Tyler Duffey,R
13758,2016,Tyler Duffey,R
13758,2017,Tyler Duffey,R
13758,2019,Tyler Duffey,R
13761,2017,Chris Stratton,R
13761,2018,Chris Stratton,R
13761,2019,Chris Stratton,R
13763,2017,Dominic Leone,R
13764,2015,Roberto Osuna,R
13764,2016,Roberto Osuna,R
13764,2017,Roberto Osuna,R
13764,2019,Roberto Osuna,R
13774,2016,Zach Eflin,R
13774,2017,Zach Eflin,R
13774,2018,Zach Eflin,R
13774,2019,Zach Eflin,R
13774,2020,Zach Eflin,R
13781,2015,Alex Wood,L
13781,2016,Alex Wood,L
13781,2017,Alex Wood,L
13781,2018,Alex Wood,L
13799,2018,Matt Strahm,L
13799,2019,Matt Strahm,L
13834,2020,Alec Mills,R
13892,2017,Paul Sewald,R
13892,2018,Paul Sewald,R
13911,2015,Scott Oberg,R
13911,2017,Scott Oberg,R
13911,2018,Scott Oberg,R
13911,2019,Scott Oberg,R
13942,2017,Brent Suter,L
13942,2018,Brent Suter,L
13974,2016,Ryan Dull,R
14078,2015,Michael Wacha,R
14078,2016,Michael Wacha,R
14078,2017,Michael Wacha,R
14078,2018,Michael Wacha,R
14078,2019,Michael Wacha,R
14107,2015,Kevin Gausman,R
14107,2016,Kevin Gausman,R
14107,2017,Kevin Gausman,R
14107,2018,Kevin Gausman,R
14107,2019,Kevin Gausman,R
14107,2020,Kevin Gausman,R
14120,2015,Lance McCullers Jr.,R
14120,2016,Lance McCullers Jr.,R
14120,2017,Lance McCullers Jr.,R
14120,2018,Lance McCullers Jr.,R
14120,2020,Lance McCullers Jr.,R
14168,2016,Jose Berrios,R
14168,2017,Jose Berrios,R
14168,2018,Jose Berrios,R
14168,2019,Jose Berrios,R
14168,2020,Jose Berrios,R
14212,2018,Josh Hader,L
14212,2019,Josh Hader,L
14272,2018,Brian Johnson,L
14295,2017,Wandy Peralta,L
14309,2018,Frankie Montas,R
14309,2019,Frankie Montas,R
14309,2020,Frankie Montas,R
14361,2017,Ty Blach,L
14361,2018,Ty Blach,L
14371,2016,Jake Thompson,R
14374,2017,Tyler Glasnow,R
14374,2018,Tyler Glasnow,R
14374,2019,Tyler Glasnow,R
14374,2020,Tyler Glasnow,R
14375,2017,Amir Garrett,L
14375,2018,Amir Garrett,L
14375,2019,Amir Garrett,L
14444,2017,Hyun-Jin Ryu,L
14444,2018,Hyun-Jin Ryu,L
14444,2019,Hyun-Jin Ryu,L
14444,2020,Hyun-Jin Ryu,L
14457,2015,Adam Conley,L
14457,2016,Adam Conley,L
14457,2017,Adam Conley,L
14457,2018,Adam Conley,L
14457,2019,Adam Conley,L
14509,2018,Dereck Rodriguez,R
14509,2019,Dereck Rodriguez,R
14524,2018,Jose Leclerc,R
14524,2019,Jose Leclerc,R
14527,2018,Jorge Lopez,R
14527,2019,Jorge Lopez,R
14542,2016,Carlos Estevez,R
14542,2019,Carlos Estevez,R
14663,2015,Chi Chi Gonzalez,R
14663,2019,Chi Chi Gonzalez,R
14682,2016,Luis Perdomo,R
14682,2017,Luis Perdomo,R
14682,2019,Luis Perdomo,R
14696,2015,Keone Kela,R
14696,2018,Keone Kela,R
14710,2016,Edwin Diaz,R
14710,2017,Edwin Diaz,R
14710,2018,Edwin Diaz,R
14710,2019,Edwin Diaz,R
14719,2019,Ty Buttrey,R
14739,2017,Paul Blackburn,R
14765,2016,Julio Urias,L
14765,2019,Julio Urias,L
14765,2020,Julio Urias,L
14771,2017,Emilio Pagan,R
14771,2018,Emilio Pagan,R
14771,2019,Emilio Pagan,R
14814,2018,Buck Farmer,R
14814,2019,Buck Farmer,R
14825,2017,Dylan Covey,R
14825,2018,Dylan Covey,R
14825,2019,Dylan Covey,R
14843,2015,Michael Lorenzen,R
14843,2016,Michael Lorenzen,R
14843,2017,Michael Lorenzen,R
14843,2018,Michael Lorenzen,R
14843,2019,Michael Lorenzen,R
14862,2016,Zack Godley,R
14862,2017,Zack Godley,R
14862,2018,Zack Godley,R
14862,2019,Zack Godley,R
14875,2018,Caleb Smith,L
14875,2019,Caleb Smith,L
14899,2018,Taylor Williams,R
14916,2016,Jon Gray,R
14916,2017,Jon Gray,R
14916,2018,Jon Gray,R
14916,2019,Jon Gray,R
14932,2017,Ben Lively,R
14934,2016,Aaron Blair,R
14957,2017,Jose Torres,L
14966,2018,Reyes Moronta,R
14966,2019,Reyes Moronta,R
14974,2019,Tyler Webb,L
14975,2016,Chad Kuhl,R
14975,2017,Chad Kuhl,R
14975,2018,Chad Kuhl,R
14986,2019,Giovanny Gallegos,R
14993,2019,Scott Barlow,R
15010,2015,Corey Knebel,R
15010,2017,Corey Knebel,R
15010,2018,Corey Knebel,R
15038,2017,German Marquez,R
15038,2018,German Marquez,R
15038,2019,German Marquez,R
15038,2020,German Marquez,R
15042,2019,Tim Mayza,L
15043,2018,Lou Trivino,R
15043,2019,Lou Trivino,R
15046,2019,Trevor Gott,R
15158,2016,Braden Shipley,R
15200,2019,Glenn Sparkman,R
15240,2018,Kevin McCarthy,R
15240,2019,Kevin McCarthy,R
15258,2018,Shane Carle,R
15264,2017,Keynan Middleton,R
15288,2018,Adam Cimber,R
15288,2019,Adam Cimber,R
15290,2017,Austin Pruitt,R
15290,2018,Austin Pruitt,R
15291,2018,Steven Brault,L
15291,2019,Steven Brault,L
15423,2015,Andrew Heaney,L
15423,2018,Andrew Heaney,L
15423,2019,Andrew Heaney,L
15423,2020,Andrew Heaney,L
15440,2015,Matthew Boyd,L
15440,2016,Matthew Boyd,L
15440,2017,Matthew Boyd,L
15440,2018,Matthew Boyd,L
15440,2019,Matthew Boyd,L
15440,2020,Matthew Boyd,L
15451,2018,Mike Mayers,R
15454,2017,Nick Pivetta,R
15454,2018,Nick Pivetta,R
15454,2019,Nick Pivetta,R
15467,2018,Marco Gonzales,L
15467,2019,Marco Gonzales,L
15467,2020,Marco Gonzales,L
15474,2018,Lucas Giolito,R
15474,2019,Lucas Giolito,R
15474,2020,Lucas Giolito,R
15488,2017,Antonio Senzatela,R
15488,2018,Antonio Senzatela,R
15488,2019,Antonio Senzatela,R
15488,2020,Antonio Senzatela,R
15514,2015,Kendall Graveman,R
15514,2016,Kendall Graveman,R
15514,2017,Kendall Graveman,R
15551,2017,Mark Leiter,R
15552,2017,Chad Green,R
15552,2018,Chad Green,R
15552,2019,Chad Green,R
15594,2016,Nick Wittgren,R
15594,2019,Nick Wittgren,R
15655,2018,Yefry Ramirez,R
15684,2017,Miguel Castro,R
15684,2018,Miguel Castro,R
15684,2019,Miguel Castro,R
15689,2017,Luis Castillo,R
15689,2018,Luis Castillo,R
15689,2019,Luis Castillo,R
15689,2020,Luis Castillo,R
15734,2018,Brad Keller,R
15734,2019,Brad Keller,R
15734,2020,Brad Keller,R
15761,2018,Joe Jimenez,R
15761,2019,Joe Jimenez,R
15764,2015,Masahiro Tanaka,R
15764,2016,Masahiro Tanaka,R
15764,2017,Masahiro Tanaka,R
15764,2018,Masahiro Tanaka,R
15764,2019,Masahiro Tanaka,R
15821,2019,Dario Agrazal,R
15832,2019,Paul Fry,L
15846,2018,Adam Plutko,R
15846,2019,Adam Plutko,R
15855,2019,Wander Suero,R
15873,2016,Sean Manaea,L
15873,2017,Sean Manaea,L
15873,2018,Sean Manaea,L
15873,2020,Sean Manaea,L
15885,2018,Fernando Romero,R
15890,2015,Luis Severino,R
15890,2016,Luis Severino,R
15890,2017,Luis Severino,R
15890,2018,Luis Severino,R
15915,2018,Victor Arano,R
15947,2018,Ryne Stanek,R
15947,2019,Ryne Stanek,R
16017,2015,Odrisamer Despaigne,R
16017,2017,Odrisamer Despaigne,R
16086,2017,Edubray Ramos,R
16130,2018,David Hess,R
16130,2019,David Hess,R
16137,2015,Carlos Rodon,L
16137,2016,Carlos Rodon,L
16137,2017,Carlos Rodon,L
16137,2018,Carlos Rodon,L
16149,2015,Aaron Nola,R
16149,2016,Aaron Nola,R
16149,2017,Aaron Nola,R
16149,2018,Aaron Nola,R
16149,2019,Aaron Nola,R
16149,2020,Aaron Nola,R
16155,2018,Eric Skoglund,L
16159,2018,Jace Fry,L
16159,2019,Jace Fry,L
16162,2019,Brandon Woodruff,R
16162,2020,Brandon Woodruff,R
16164,2017,Daniel Gossett,R
16201,2018,Justin Anderson,R
16207,2019,Spencer Turnbull,R
16207,2020,Spencer Turnbull,R
16208,2016,Brandon Finnegan,L
16256,2017,Kyle Freeland,L
16256,2018,Kyle Freeland,L
16256,2019,Kyle Freeland,L
16256,2020,Kyle Freeland,L
16258,2019,Aaron Bummer,L
16269,2019,John Means,L
16350,2018,Ryan Borucki,L
16358,2018,Tyler Mahle,R
16358,2019,Tyler Mahle,R
16400,2018,Reynaldo Lopez,R
16400,2019,Reynaldo Lopez,R
16401,2018,Yonny Chirinos,R
16401,2019,Yonny Chirinos,R
16502,2018,Ryan Yarbrough,L
16502,2019,Ryan Yarbrough,L
16502,2020,Ryan Yarbrough,L
16511,2017,Jordan Montgomery,L
16561,2018,Austin Gomber,L
16587,2019,Erik Swanson,R
16588,2018,Jonathan Holder,R
16794,2019,Josh James,R
16918,2017,Luke Weaver,R
16918,2018,Luke Weaver,R
16918,2019,Luke Weaver,R
16918,2020,Luke Weaver,R
16933,2018,Elieser Hernandez,R
16933,2019,Elieser Hernandez,R
16943,2017,Sean Newcomb,L
16943,2018,Sean Newcomb,L
16943,2019,Sean Newcomb,L
16977,2017,Trevor Williams,R
16977,2018,Trevor Williams,R
16977,2019,Trevor Williams,R
16977,2020,Trevor Williams,R
16980,2016,Daniel Mengden,R
16980,2018,Daniel Mengden,R
16980,2019,Daniel Mengden,R
16981,2019,Tyler Beede,R
17002,2018,Trevor Hildenberger,R
17018,2018,Jefry Rodriguez,R
17030,2018,Ariel Jurado,R
17030,2019,Ariel Jurado,R
17085,2018,Pablo Lopez,R
17085,2019,Pablo Lopez,R
17085,2020,Pablo Lopez,R
17130,2015,Raisel Iglesias,R
17130,2016,Raisel Iglesias,R
17130,2017,Raisel Iglesias,R
17130,2018,Raisel Iglesias,R
17130,2019,Raisel Iglesias,R
17149,2018,Domingo German,R
17149,2019,Domingo German,R
17181,2019,Yoan Lopez,R
17186,2017,Dinelson Lamet,R
17186,2019,Dinelson Lamet,R
17186,2020,Dinelson Lamet,R
17192,2018,Jalen Beeks,L
17192,2019,Jalen Beeks,L
17281,2019,Thomas Pannone,L
17285,2020,Justus Sheffield,L
17295,2019,Framber Valdez,L
17295,2020,Framber Valdez,L
17303,2017,Francis Martes,R
17355,2018,Edgar Santana,R
17369,2019,Brett Martin,L
17425,2018,Erick Fedde,R
17425,2019,Erick Fedde,R
17425,2020,Erick Fedde,R
17432,2017,Jeff Hoffman,R
17432,2019,Jeff Hoffman,R
17466,2018,Heath Fillmyer,R
17479,2018,Jack Flaherty,R
17479,2019,Jack Flaherty,R
17496,2018,Diego Castillo,R
17496,2019,Diego Castillo,R
17526,2016,Ariel Miranda,L
17526,2017,Ariel Miranda,L
17553,2017,Andrew Moore,R
17585,2019,Jordan Yamamoto,R
17586,2018,Tanner Scott,L
17606,2020,Cristian Javier,
17611,2019,Taylor Clarke,R
17735,2019,Tyler Alexander,L
17780,2018,Jose Alvarado,L
17793,2019,Trey Wingenter,R
17874,2019,Nestor Cortes,L
17948,2019,Trent Thornton,R
17969,2019,Peter Lambert,R
17995,2020,Logan Webb,R
18282,2017,Jarlin Garcia,L
18282,2018,Jarlin Garcia,L
18282,2019,Jarlin Garcia,L
18300,2018,Andrew Suarez,L
18318,2019,Jacob Waguespack,R
18333,2019,Alex Young,L
18337,2019,Nick Anderson,R
18356,2018,Jaime Barria,R
18356,2019,Jaime Barria,R
18383,2019,Mike Soroka,R
18498,2016,Kenta Maeda,R
18498,2017,Kenta Maeda,R
18498,2018,Kenta Maeda,R
18498,2019,Kenta Maeda,R
18498,2020,Kenta Maeda,R
18525,2019,Dylan Cease,R
18525,2020,Dylan Cease,R
18655,2018,A.J. Minter,L
18679,2018,Freddy Peralta,R
18679,2019,Freddy Peralta,R
18684,2019,Sandy Alcantara,R
18719,2016,Seunghwan Oh,R
18719,2017,Seunghwan Oh,R
18719,2018,Seunghwan Oh,R
18790,2019,Dillon Peters,L
18806,2018,Drew Steckenrider,R
19206,2019,Dakota Hudson,R
19249,2018,Seranthony Dominguez,R
19291,2019,Zac Gallen,R
19291,2020,Zac Gallen,R
19309,2018,Trevor Richards,R
19309,2019,Trevor Richards,R
19312,2019,Cal Quantrill,R
19316,2018,Eric Lauer,L
19316,2019,Eric Lauer,L
19320,2018,Joey Lucchesi,L
19320,2019,Joey Lucchesi,L
19341,2018,Hector Velazquez,R
19341,2019,Hector Velazquez,R
19361,2020,Corbin Burnes,R
19374,2018,Walker Buehler,R
19374,2019,Walker Buehler,R
19403,2019,Colin Poche,L
19427,2018,Shane Bieber,R
19427,2019,Shane Bieber,R
19427,2020,Shane Bieber,R
19453,2019,Shaun Anderson,R
19479,2019,Aaron Civale,R
19479,2020,Aaron Civale,R
19618,2018,Jordan Hicks,R
19677,2019,Gregory Soto,L
19716,2020,Dustin May,R
19755,2018,Shohei Ohtani,R
19756,2018,Yoshihisa Hirano,R
19756,2019,Yoshihisa Hirano,R
19867,2019,Griffin Canning,R
19867,2020,Griffin Canning,R
19911,2019,Jose Suarez,L
19959,2020,Jesus Luzardo,L
19979,2019,Zach Plesac,R
19979,2020,Zach Plesac,R
20099,2019,Chris Paddack,R
20099,2020,Chris Paddack,R
20395,2019,Nick Margevicius,L
20633,2019,Yusei Kikuchi,L
21455,2020,Kris Bubic,
25377,2020,Brady Singer,
